/*!40014 SET @OLD_FOREIGN_KEY_CHECKS=@@FOREIGN_KEY_CHECKS, FOREIGN_KEY_CHECKS=0 */;

DROP TABLE IF EXISTS armasplayer;

CREATE TABLE `armasplayer` (
  `nome` varchar(25) NOT NULL,
  `armabranca` int(11) DEFAULT NULL,
  `pistola` int(11) DEFAULT NULL,
  `municaopistola` int(11) DEFAULT NULL,
  `escopeta` int(11) DEFAULT NULL,
  `municaoescopeta` int(11) DEFAULT NULL,
  `smg` int(11) DEFAULT NULL,
  `municaosmg` int(11) DEFAULT NULL,
  `fuzil` int(11) DEFAULT NULL,
  `municaofuzil` int(11) DEFAULT NULL,
  `sniper` int(11) DEFAULT NULL,
  `municaosniper` int(11) DEFAULT NULL,
  `rpg` int(11) DEFAULT NULL,
  `municaorpg` int(11) DEFAULT NULL,
  `especial` int(11) DEFAULT NULL,
  `municaoespecial` int(11) DEFAULT NULL,
  `arremessavel` int(11) DEFAULT NULL,
  `municaoarremessavel` int(11) DEFAULT NULL,
  `vestivel` int(11) DEFAULT NULL,
  PRIMARY KEY (`nome`)
) ENGINE=InnoDB DEFAULT CHARSET=latin1;

INSERT INTO armasplayer VALUES ('Arlequina_pk', 0, 0, 0, 0, 0, 0, 0, 0, 0, 0, 0, 0, 0, 0, 0, 0, 0, 0);
INSERT INTO armasplayer VALUES ('ayush_nigamji', 0, 0, 0, 0, 0, 0, 0, 0, 0, 0, 0, 0, 0, 0, 0, 0, 0, 0);
INSERT INTO armasplayer VALUES ('Bianca_Silva', 0, 0, 0, 0, 0, 0, 0, 0, 0, 0, 0, 0, 0, 0, 0, 0, 0, 0);
INSERT INTO armasplayer VALUES ('Bolsonaro_2022', 0, 0, 0, 0, 0, 0, 0, 31, 963, 0, 0, 0, 0, 0, 0, 0, 0, 0);
INSERT INTO armasplayer VALUES ('CoelhaO_LokaO', 0, 0, 0, 0, 0, 0, 0, 0, 0, 0, 0, 0, 0, 0, 0, 0, 0, 0);
INSERT INTO armasplayer VALUES ('Cold_Dubom', 0, 0, 0, 0, 0, 0, 0, 0, 0, 0, 0, 0, 0, 0, 0, 0, 0, 0);
INSERT INTO armasplayer VALUES ('Comedor_de_mae', 0, 0, 0, 0, 0, 0, 0, 0, 0, 0, 0, 0, 0, 0, 0, 0, 0, 0);
INSERT INTO armasplayer VALUES ('Comedor_de_maes', 0, 0, 0, 0, 0, 0, 0, 0, 0, 0, 0, 0, 0, 0, 0, 0, 0, 0);
INSERT INTO armasplayer VALUES ('Corleone_Menezes', 0, 0, 0, 0, 0, 0, 0, 0, 0, 0, 0, 0, 0, 0, 0, 0, 0, 0);
INSERT INTO armasplayer VALUES ('Cupinxa', 0, 0, 0, 0, 0, 0, 0, 31, 702, 0, 0, 0, 0, 0, 0, 0, 0, 0);
INSERT INTO armasplayer VALUES ('Dobby', 0, 0, 0, 0, 0, 0, 0, 0, 0, 0, 0, 0, 0, 0, 0, 0, 0, 0);
INSERT INTO armasplayer VALUES ('Espanca_Utero', 0, 0, 0, 0, 0, 0, 0, 0, 0, 0, 0, 0, 0, 0, 0, 0, 0, 0);
INSERT INTO armasplayer VALUES ('filipe_game', 0, 0, 0, 0, 0, 0, 0, 0, 0, 0, 0, 0, 0, 0, 0, 0, 0, 0);
INSERT INTO armasplayer VALUES ('fpxluan', 0, 0, 0, 0, 0, 0, 0, 0, 0, 0, 0, 0, 0, 0, 0, 0, 0, 0);
INSERT INTO armasplayer VALUES ('GANSTER', 0, 0, 0, 0, 0, 0, 0, 0, 0, 0, 0, 0, 0, 0, 0, 0, 0, 0);
INSERT INTO armasplayer VALUES ('HeiTor_Csc', 0, 0, 0, 0, 0, 0, 0, 0, 0, 0, 0, 0, 0, 0, 0, 0, 0, 0);
INSERT INTO armasplayer VALUES ('irmaodomonkey', 0, 0, 0, 0, 0, 0, 0, 0, 0, 0, 0, 0, 0, 0, 0, 0, 0, 0);
INSERT INTO armasplayer VALUES ('Ivan_Henrique', 0, 0, 0, 0, 0, 0, 0, 0, 0, 0, 0, 0, 0, 0, 0, 0, 0, 0);
INSERT INTO armasplayer VALUES ('jacek', 0, 0, 0, 0, 0, 0, 0, 0, 0, 0, 0, 0, 0, 0, 0, 0, 0, 0);
INSERT INTO armasplayer VALUES ('Karasu_Amv', 0, 0, 0, 0, 0, 0, 0, 0, 0, 0, 0, 0, 0, 0, 0, 0, 0, 0);
INSERT INTO armasplayer VALUES ('KATARINA_SlayeR', 0, 0, 0, 0, 0, 0, 0, 0, 0, 0, 0, 0, 0, 0, 0, 0, 0, 0);
INSERT INTO armasplayer VALUES ('KauanN$', 0, 0, 0, 0, 0, 0, 0, 0, 0, 0, 0, 0, 0, 0, 0, 0, 0, 0);
INSERT INTO armasplayer VALUES ('kyry_op', 0, 0, 0, 0, 0, 0, 0, 0, 0, 0, 0, 0, 0, 0, 0, 0, 0, 0);
INSERT INTO armasplayer VALUES ('Luan_gabriel', 0, 0, 0, 0, 0, 0, 0, 0, 0, 0, 0, 0, 0, 0, 0, 0, 0, 0);
INSERT INTO armasplayer VALUES ('luiz.xit.pvp', 0, 0, 0, 0, 0, 0, 0, 31, 860, 0, 0, 0, 0, 0, 0, 0, 0, 0);
INSERT INTO armasplayer VALUES ('LUKKIASBR', 0, 0, 0, 0, 0, 0, 0, 0, 0, 0, 0, 0, 0, 0, 0, 0, 0, 0);
INSERT INTO armasplayer VALUES ('Lula_2022', 0, 0, 0, 0, 0, 0, 0, 0, 0, 0, 0, 0, 0, 0, 0, 0, 0, 0);
INSERT INTO armasplayer VALUES ('Mayllon_Samuel', 0, 0, 0, 0, 0, 0, 0, 31, 4833, 0, 0, 0, 0, 0, 0, 0, 0, 0);
INSERT INTO armasplayer VALUES ('McZulian', 0, 0, 0, 0, 0, 0, 0, 0, 0, 0, 0, 0, 0, 0, 0, 0, 0, 0);
INSERT INTO armasplayer VALUES ('MenezeS', 0, 0, 0, 0, 0, 0, 0, 0, 0, 0, 0, 0, 0, 0, 0, 0, 0, 0);
INSERT INTO armasplayer VALUES ('Menezes_Corleone', 0, 0, 0, 0, 0, 0, 0, 31, 9928, 0, 0, 0, 0, 0, 0, 0, 0, 0);
INSERT INTO armasplayer VALUES ('Mia', 0, 0, 0, 0, 0, 0, 0, 0, 0, 0, 0, 0, 0, 0, 0, 0, 0, 0);
INSERT INTO armasplayer VALUES ('Miqueias_Admin', 0, 24, 888, 26, 296, 32, 831, 30, 907, 0, 0, 0, 0, 0, 0, 0, 0, 0);
INSERT INTO armasplayer VALUES ('Miqueias_Cpxa', 0, 0, 0, 0, 0, 32, 0, 31, -31175, 0, 0, 35, 61, 0, 0, 0, 0, 0);
INSERT INTO armasplayer VALUES ('Miqueias_Lindo', 0, 0, 0, 0, 0, 0, 0, 0, 0, 0, 0, 0, 0, 0, 0, 0, 0, 0);
INSERT INTO armasplayer VALUES ('Miqueias_Rafael', 0, 0, 0, 0, 0, 0, 0, 0, 0, 0, 0, 0, 0, 0, 0, 0, 0, 0);
INSERT INTO armasplayer VALUES ('Miqueias_Totoso', 0, 0, 0, 0, 0, 0, 0, 0, 0, 0, 0, 0, 0, 0, 0, 0, 0, 0);
INSERT INTO armasplayer VALUES ('Miqueias_Totsosos', 0, 0, 0, 0, 0, 0, 0, 0, 0, 0, 0, 0, 0, 0, 0, 0, 0, 0);
INSERT INTO armasplayer VALUES ('Nao', 0, 0, 0, 0, 0, 0, 0, 0, 0, 0, 0, 0, 0, 0, 0, 0, 0, 0);
INSERT INTO armasplayer VALUES ('Nikola_Nikolov', 0, 0, 0, 0, 0, 0, 0, 0, 0, 0, 0, 0, 0, 0, 0, 0, 0, 0);
INSERT INTO armasplayer VALUES ('Pedroo_', 0, 24, 144, 26, 50, 32, 150, 30, 101, 0, 0, 0, 0, 0, 0, 0, 0, 0);
INSERT INTO armasplayer VALUES ('rato_veio', 0, 0, 0, 0, 0, 0, 0, 0, 0, 0, 0, 0, 0, 0, 0, 0, 0, 0);
INSERT INTO armasplayer VALUES ('RhaegarX', 0, 0, 0, 0, 0, 0, 0, 0, 0, 0, 0, 0, 0, 0, 0, 0, 0, 0);
INSERT INTO armasplayer VALUES ('savitar_19', 0, 0, 0, 0, 0, 0, 0, 0, 0, 0, 0, 0, 0, 0, 0, 0, 0, 0);
INSERT INTO armasplayer VALUES ('Skeet_SAMP', 0, 0, 0, 0, 0, 0, 0, 0, 0, 0, 0, 0, 0, 0, 0, 0, 0, 0);
INSERT INTO armasplayer VALUES ('Sonny_Volgin', 0, 0, 0, 0, 0, 0, 0, 0, 0, 0, 0, 0, 0, 0, 0, 0, 0, 0);
INSERT INTO armasplayer VALUES ('srluna45', 0, 0, 0, 0, 0, 0, 0, 0, 0, 0, 0, 0, 0, 0, 0, 0, 0, 0);
INSERT INTO armasplayer VALUES ('Taylor_Wolfez', 0, 0, 0, 0, 0, 0, 0, 0, 0, 0, 0, 0, 0, 0, 0, 0, 0, 0);
INSERT INTO armasplayer VALUES ('TeAmo_Bolsonaro', 0, 0, 0, 0, 0, 0, 0, 0, 0, 0, 0, 0, 0, 0, 0, 0, 0, 0);
INSERT INTO armasplayer VALUES ('Victor_Admin', 0, 0, 0, 0, 0, 0, 0, 0, 0, 0, 0, 0, 0, 0, 0, 0, 0, 0);
INSERT INTO armasplayer VALUES ('Victor_Ghost', 0, 0, 0, 0, 0, 0, 0, 0, 0, 0, 0, 0, 0, 0, 0, 0, 0, 0);
INSERT INTO armasplayer VALUES ('Victor_Maciel', 0, 0, 0, 0, 0, 0, 0, 0, 0, 0, 0, 0, 0, 0, 0, 0, 0, 0);
INSERT INTO armasplayer VALUES ('Victor_Sla', 0, 0, 0, 0, 0, 0, 0, 0, 0, 0, 0, 0, 0, 0, 0, 0, 0, 0);
INSERT INTO armasplayer VALUES ('wallace_araujo', 0, 0, 0, 0, 0, 0, 0, 0, 0, 0, 0, 0, 0, 0, 0, 0, 0, 0);
INSERT INTO armasplayer VALUES ('Yan_Ruin', 0, 0, 0, 0, 0, 0, 0, 0, 0, 0, 0, 0, 0, 0, 0, 0, 0, 0);

DROP TABLE IF EXISTS banidos;

CREATE TABLE `banidos` (
  `nome` varchar(25) NOT NULL,
  `ip` varchar(16) DEFAULT NULL,
  `serial` varchar(100) DEFAULT NULL,
  `motivo` varchar(60) DEFAULT NULL,
  `databan` date DEFAULT NULL,
  `datadesban` date DEFAULT NULL,
  `admin` varchar(25) DEFAULT NULL,
  PRIMARY KEY (`nome`)
) ENGINE=InnoDB DEFAULT CHARSET=latin1;


DROP TABLE IF EXISTS carros;

CREATE TABLE `carros` (
  `carroid` int(11) NOT NULL AUTO_INCREMENT,
  `org` int(11) DEFAULT NULL,
  `dono` varchar(25) DEFAULT NULL,
  `combustivel` float DEFAULT NULL,
  `posx` float DEFAULT NULL,
  `posy` float DEFAULT NULL,
  `posz` float DEFAULT NULL,
  `angulo` float DEFAULT NULL,
  `lataria` float DEFAULT NULL,
  `blindagem` float DEFAULT NULL,
  `pneus` int(11) DEFAULT NULL,
  `quebrado` int(11) DEFAULT NULL,
  `modeloid` int(11) NOT NULL DEFAULT 400,
  `preso` tinyint(1) DEFAULT 0,
  `roubado` tinyint(1) DEFAULT 0,
  `temsirene` int(11) DEFAULT 0,
  `cor1` int(11) DEFAULT NULL,
  `cor2` int(11) DEFAULT NULL,
  `placa` varchar(25) NOT NULL DEFAULT 'N/A-0000',
  `trancado` tinyint(1) DEFAULT NULL,
  PRIMARY KEY (`carroid`)
) ENGINE=InnoDB AUTO_INCREMENT=26 DEFAULT CHARSET=latin1;

INSERT INTO carros VALUES (1, 1, 'Ninguem', 91.4, 1600.68, -1699.08, 5.59414, 67.357, 1000, 0, 0, 0, 596, 0, 0, 1, 0, 0, '{836FFF}PMERJ', 0);
INSERT INTO carros VALUES (2, 1, 'Ninguem', 100, 1574.46, -1711.77, 5.39786, 0.984959, 1000, 0, 0, 0, 596, 0, 0, 1, 0, 0, '{836FFF}PMERJ', 0);
INSERT INTO carros VALUES (3, 1, 'Ninguem', 100, 1545.25, -1668, 5.58865, 88.3142, 1000, 0, 0, 0, 596, 0, 0, 1, 0, 0, '{836FFF}PMERJ', 0);
INSERT INTO carros VALUES (4, 1, 'Ninguem', 100, 1530.69, -1645.23, 5.5923, 178.775, 1000, 0, 0, 0, 596, 0, 0, 1, 0, 0, '{836FFF}PMERJ', 0);
INSERT INTO carros VALUES (5, 1, 'Ninguem', 99.8, 1585.92, -1671.69, 5.57243, 268.611, 1000, 0, 0, 0, 523, 0, 0, 1, 0, 0, '{836FFF}PMERJ', 0);
INSERT INTO carros VALUES (6, 1, 'Ninguem', 100, 1586.04, -1667.89, 5.57179, 273.837, 1000, 0, 0, 0, 523, 0, 0, 1, 0, 0, '{836FFF}PMERJ', 0);
INSERT INTO carros VALUES (7, 3, 'Ninguem', 100, 2295.14, -1629.52, 14.2169, 175.816, 1000, 0, 0, 0, 463, 0, 0, 0, 1, 1, 'Sons Of Anarchy', 0);
INSERT INTO carros VALUES (8, 3, 'Ninguem', 100, 2298.85, -1630.41, 14.1469, 182.082, 1000, 0, 0, 0, 463, 0, 0, 0, 1, 1, 'Sons Of Anarchy', 0);
INSERT INTO carros VALUES (9, 3, 'Ninguem', 100, 2302.72, -1631.18, 14.0683, 174.035, 1000, 0, 0, 0, 463, 0, 0, 0, 1, 1, 'Sons Of Anarchy', 0);
INSERT INTO carros VALUES (10, 3, 'Ninguem', 99.8, 2305.78, -1631.56, 14.0095, 174.388, 1000, 0, 0, 0, 463, 0, 0, 0, 1, 1, 'Sons Of Anarchy', 0);
INSERT INTO carros VALUES (11, 3, 'Ninguem', 100, 2296.74, -1646.59, 14.3308, 270.009, 1000, 0, 0, 0, 463, 0, 0, 0, 1, 1, 'Sons Of Anarchy', 0);
INSERT INTO carros VALUES (12, 3, 'Ninguem', 100, 2295.96, -1643.7, 14.3351, 269.369, 1000, 0, 0, 0, 463, 0, 0, 0, 1, 1, 'Sons Of Anarchy', 0);
INSERT INTO carros VALUES (13, 3, 'Ninguem', 100, 2295.92, -1639.51, 14.3373, 269.143, 1000, 0, 0, 0, 463, 0, 0, 0, 1, 1, 'Sons Of Anarchy', 0);
INSERT INTO carros VALUES (14, 2, 'Ninguem', 99.8, 1276.6, -2042.95, 58.7666, 85.7398, 1000, 0, 0, 0, 546, 0, 0, 0, 3, 3, '{FF0000}Comando', 0);
INSERT INTO carros VALUES (15, 2, 'Ninguem', 95.8, 1532.75, -2109.24, 14.28, 146.028, 281, 0, 0, 0, 546, 0, 0, 0, 3, 3, '{FF0000}Comando', 0);
INSERT INTO carros VALUES (16, 2, 'Ninguem', 100, 1276.89, -2027.44, 58.7369, 88.1609, 1000, 0, 0, 0, 546, 0, 0, 0, 3, 3, '{FF0000}Comando', 0);
INSERT INTO carros VALUES (17, 2, 'Ninguem', 100, 1276.65, -2018.05, 58.6702, 87.6105, 1000, 0, 0, 0, 546, 0, 0, 0, 3, 3, '{FF0000}Comando', 0);
INSERT INTO carros VALUES (18, 2, 'Ninguem', 60.8001, 1246.33, -2042.15, 59.726, 270.116, 1000, 0, 0, 0, 540, 0, 0, 0, 3, 3, '{FF0000}Comando', 0);
INSERT INTO carros VALUES (19, 2, 'Ninguem', 98.6, 1246.39, -2031.66, 59.659, 271.659, 1000, 0, 0, 0, 540, 0, 0, 0, 3, 3, '{FF0000}Comando', 0);
INSERT INTO carros VALUES (20, 2, 'Ninguem', 100, 1246.4, -2022.62, 59.6453, 271.142, 1000, 0, 0, 0, 540, 0, 0, 0, 3, 3, '{FF0000}Comando', 0);
INSERT INTO carros VALUES (21, 2, 'Ninguem', 100, 1246.35, -2013.13, 59.6457, 270.812, 1000, 0, 0, 0, 540, 0, 0, 0, 3, 3, '{FF0000}Comando', 0);
INSERT INTO carros VALUES (22, 2, 'Ninguem', 44.1998, 1480.66, -1650.84, 13.6982, 187.448, 780.065, 0, 0, 0, 521, 0, 0, 0, 3, 3, '{FF0000}Comando', 0);
INSERT INTO carros VALUES (23, 2, 'Ninguem', 33.7999, 958.188, -1780.72, 13.6684, 75.6814, 911.583, 0, 0, 0, 521, 0, 0, 0, 3, 3, '{FF0000}Comando', 0);
INSERT INTO carros VALUES (24, 2, 'Ninguem', 68.3999, 1159.57, -1282.25, 13.1437, 256.116, 860.254, 0, 0, 0, 521, 0, 0, 0, 3, 3, '{FF0000}Comando', 0);
INSERT INTO carros VALUES (25, 0, 'Governo_Federal', 138.001, 1591.18, -1030.02, 24.5958, 270.254, 345.381, 0, 0, 0, 563, 0, 0, 1, 0, 0, '{FF0000}Governo', 0);

DROP TABLE IF EXISTS casas;

CREATE TABLE `casas` (
  `houseid` int(11) NOT NULL AUTO_INCREMENT,
  `posX` float DEFAULT NULL,
  `posY` float DEFAULT NULL,
  `posZ` float DEFAULT NULL,
  `interiorX` float DEFAULT NULL,
  `interiorY` float DEFAULT NULL,
  `interiorZ` float DEFAULT NULL,
  `interiorid` int(11) DEFAULT NULL,
  `trancada` tinyint(1) DEFAULT NULL,
  `expireDate` int(11) DEFAULT NULL,
  `cArma` int(11) DEFAULT NULL,
  `cColete` float DEFAULT NULL,
  `cMunicao` int(11) DEFAULT NULL,
  `cDinheiro` int(11) DEFAULT NULL,
  `dono` varchar(24) NOT NULL,
  `preco` int(11) NOT NULL,
  `vip` int(11) DEFAULT NULL,
  `nivel` int(11) DEFAULT NULL,
  `CasV` int(11) DEFAULT NULL,
  PRIMARY KEY (`houseid`)
) ENGINE=InnoDB AUTO_INCREMENT=4 DEFAULT CHARSET=latin1;

INSERT INTO casas VALUES (2, 2306.92, -1677.55, 14.0012, 2324.42, -1145.57, 1050.71, 12, 0, 0, 0, 0, 0, 0, 'Ninguem', 100, 0, 0, NULL);
INSERT INTO casas VALUES (3, 2301.55, -1661.86, 14.5399, 2324.42, -1145.57, 1050.71, 12, 0, 0, 0, 0, 0, 0, 'Ninguem', 100, 0, 0, NULL);

DROP TABLE IF EXISTS fichas;

CREATE TABLE `fichas` (
  `nome` varchar(25) NOT NULL,
  `artigo` int(11) NOT NULL
) ENGINE=InnoDB DEFAULT CHARSET=latin1;

INSERT INTO fichas VALUES ('Victor_Ghost', 155);
INSERT INTO fichas VALUES ('Miqueias_Cpxa', 157);
INSERT INTO fichas VALUES ('Victor_Ghost', 155);
INSERT INTO fichas VALUES ('Victor_Ghost', 155);
INSERT INTO fichas VALUES ('Victor_Ghost', 155);
INSERT INTO fichas VALUES ('Victor_Ghost', 155);
INSERT INTO fichas VALUES ('Victor_Ghost', 155);
INSERT INTO fichas VALUES ('Victor_Ghost', 155);
INSERT INTO fichas VALUES ('Miqueias_Cpxa', 157);
INSERT INTO fichas VALUES ('Miqueias_Cpxa', 157);
INSERT INTO fichas VALUES ('Miqueias_Cpxa', 157);
INSERT INTO fichas VALUES ('Miqueias_Cpxa', 157);
INSERT INTO fichas VALUES ('Miqueias_Cpxa', 157);
INSERT INTO fichas VALUES ('Miqueias_Cpxa', 157);
INSERT INTO fichas VALUES ('Miqueias_Cpxa', 155);
INSERT INTO fichas VALUES ('Lucas', 155);
INSERT INTO fichas VALUES ('wallace_araujo', 155);
INSERT INTO fichas VALUES ('wallace_araujo', 157);
INSERT INTO fichas VALUES ('wallace_araujo', 155);
INSERT INTO fichas VALUES ('Victor_Ghost', 157);
INSERT INTO fichas VALUES ('filipe_game', 155);
INSERT INTO fichas VALUES ('Victor_Ghost', 155);
INSERT INTO fichas VALUES ('Victor_Ghost', 155);
INSERT INTO fichas VALUES ('Victor_Ghost', 155);
INSERT INTO fichas VALUES ('Victor_Ghost', 155);

DROP TABLE IF EXISTS IPs;

CREATE TABLE `IPs` (
  `ip` varchar(16) NOT NULL,
  `nome` varchar(25) DEFAULT NULL,
  `serial` varchar(100) DEFAULT NULL,
  `vezesconectado` int(11) DEFAULT 0
) ENGINE=InnoDB DEFAULT CHARSET=latin1;

INSERT INTO IPs VALUES ('187.120.25.59', 'Victor_Ghost', 'D9D4C0A958FCCEF9CA48EE9D4549C8E9AAA49C50', 2);
INSERT INTO IPs VALUES ('187.120.25.59', 'Victor_Ghost', 'ED40ED0E8089CC44C08EE9580F4C8C44EE8EE990', 3);
INSERT INTO IPs VALUES ('187.85.16.112', 'Menezes_Corleone', 'ECEE99A4E88FDA0CEC9FA4D99584E4C498DDE48', 10);
INSERT INTO IPs VALUES ('187.85.16.112', 'Corleone_Menezes', 'ED40ED0E8089CC44C08EE9580F4C8C44EE8EE990', 1);
INSERT INTO IPs VALUES ('201.5.61.58', 'Victor_Ghost', 'ED40ED0E8089CC44C08EE9580F4C8C44EE8EE990', 1);
INSERT INTO IPs VALUES ('201.5.169.155', 'Victor_Ghost', 'ED40ED0E8089CC44C08EE9580F4C8C44EE8EE990', 2);
INSERT INTO IPs VALUES ('187.85.16.107', 'Menezes_Corleone', 'E5AE485A05EF998C90EDD80FADED80D89D894F0C', 3);
INSERT INTO IPs VALUES ('187.85.18.137', 'Menezes_Corleone', 'E5AE485A05EF998C90EDD80FADED80D89D894F0C', 7);
INSERT INTO IPs VALUES ('187.120.25.62', 'Victor_ghost', 'ED40ED0E8089CC44C08EE9580F4C8C44EE8EE990', 13);
INSERT INTO IPs VALUES ('191.2.71.219', 'Victor_Ghost', 'ED40ED0E8089CC44C08EE9580F4C8C44EE8EE990', 7);
INSERT INTO IPs VALUES ('191.2.71.219', 'LUKKIASBR', 'ED40ED0E8089CC44C08EE9580F4C8C44EE8EE990', 3);
INSERT INTO IPs VALUES ('179.241.252.56', 'Taylor_Wolfez', 'ED40ED0E8089CC44C08EE9580F4C8C44EE8EE990', 4);
INSERT INTO IPs VALUES ('187.85.16.191', 'Menezes_Corleone', 'E5AE485A05EF998C90EDD80FADED80D89D894F0C', 12);
INSERT INTO IPs VALUES ('187.120.25.62', 'Victor_Ghost', 'D9D4C0A958FCCEF9CA48EE9D4549C8E9AAA49C50', 32);
INSERT INTO IPs VALUES ('179.106.42.233', 'TeAmo_Bolsonaro', 'EDD95CADD0E008AEE9EEEE5ED0858DF59FE448CE', 1);
INSERT INTO IPs VALUES ('179.106.42.233', 'Lula_2022', 'EDD95CADD0E008AEE9EEEE5ED0858DF59FE448CE', 16);
INSERT INTO IPs VALUES ('187.85.16.191', 'Menezes_Corleone', 'ED40ED0E8089CC44C08EE9580F4C8C44EE8EE990', 4);
INSERT INTO IPs VALUES ('177.92.148.77', 'Miqueias_Admin', 'ED40ED0E8089CC44C08EE9580F4C8C44EE8EE990', 2);
INSERT INTO IPs VALUES ('177.92.148.77', 'Miqueias_Lindo', 'ED40ED0E8089CC44C08EE9580F4C8C44EE8EE990', 20);
INSERT INTO IPs VALUES ('187.85.16.191', 'Bolsonaro_2022', 'E5AE485A05EF998C90EDD80FADED80D89D894F0C', 11);
INSERT INTO IPs VALUES ('45.160.236.32', 'Arlequina_pk', '5638413348335738345A4536524D4A524539334B', 5);
INSERT INTO IPs VALUES ('187.85.16.191', 'Miqueias_Rafael', 'ED40ED0E8089CC44C08EE9580F4C8C44EE8EE990', 1);
INSERT INTO IPs VALUES ('187.85.16.191', 'Miqueias_Lindo', 'ED40ED0E8089CC44C08EE9580F4C8C44EE8EE990', 1);
INSERT INTO IPs VALUES ('45.160.236.32', 'Arlequina_pk', '4458465947454248504B51425156534F4738384F', 2);
INSERT INTO IPs VALUES ('187.120.25.57', 'Miqueias_Admin', 'ED40ED0E8089CC44C08EE9580F4C8C44EE8EE990', 1);
INSERT INTO IPs VALUES ('187.120.25.57', 'Victor_Ghost', 'ED40ED0E8089CC44C08EE9580F4C8C44EE8EE990', 1);
INSERT INTO IPs VALUES ('177.92.148.77', 'Miqueias_Totoso', 'ED40ED0E8089CC44C08EE9580F4C8C44EE8EE990', 1);
INSERT INTO IPs VALUES ('187.26.219.109', 'Menezes_Corleone', 'ED40ED0E8089CC44C08EE9580F4C8C44EE8EE990', 2);
INSERT INTO IPs VALUES ('187.120.25.50', 'Victor_Ghost', 'ED40ED0E8089CC44C08EE9580F4C8C44EE8EE990', 1);
INSERT INTO IPs VALUES ('187.26.218.81', 'Menezes_Corleone', 'ED40ED0E8089CC44C08EE9580F4C8C44EE8EE990', 2);
INSERT INTO IPs VALUES ('45.160.236.32', 'Arlequina_pk', 'ED40ED0E8089CC44C08EE9580F4C8C44EE8EE990', 1);
INSERT INTO IPs VALUES ('201.5.50.21', 'Victor_Ghost', 'ED40ED0E8089CC44C08EE9580F4C8C44EE8EE990', 3);
INSERT INTO IPs VALUES ('201.5.34.68', 'Victor_Ghost', 'ED40ED0E8089CC44C08EE9580F4C8C44EE8EE990', 11);
INSERT INTO IPs VALUES ('191.246.9.121', 'Menezes_Corleone', 'ED40ED0E8089CC44C08EE9580F4C8C44EE8EE990', 2);
INSERT INTO IPs VALUES ('177.192.177.61', 'LukkiasBR', 'F949FD9D8E0DDAEEECCCDF494A9CAAEF8EC9A5AE', 2);
INSERT INTO IPs VALUES ('187.85.19.43', 'Menezes_Corleone', 'E5AE485A05EF998C90EDD80FADED80D89D894F0C', 3);
INSERT INTO IPs VALUES ('187.85.19.43', 'Menezes_Corleone', '4945DECED9CAE99DC5E9449E00898D8DCEAD5CD4', 6);
INSERT INTO IPs VALUES ('187.85.16.171', 'Menezes_Corleone', '4945DECED9CAE99DC5E9449E00898D8DCEAD5CD4', 1);
INSERT INTO IPs VALUES ('92.55.111.6', 'Nikola_Nikolov', '8F8DA94ECA84EDEADFD8850D5ED94DFDC99E94CD', 1);
INSERT INTO IPs VALUES ('45.229.105.221', 'Sonny_Volgin', '4CA8CD4589D5C8ECEEDE494DDF0ED5ED4CECD9AE', 3);
INSERT INTO IPs VALUES ('187.85.16.100', 'Menezes_Corleone', '4945DECED9CAE99DC5E9449E00898D8DCEAD5CD4', 10);
INSERT INTO IPs VALUES ('177.92.148.77', 'Miqueias_Totsosos', 'ED40ED0E8089CC44C08EE9580F4C8C44EE8EE990', 4);
INSERT INTO IPs VALUES ('187.85.16.100', 'Espanca_Utero', '4945DECED9CAE99DC5E9449E00898D8DCEAD5CD4', 19);
INSERT INTO IPs VALUES ('179.106.42.233', 'Comedor_de_mae', 'EDD95CADD0E008AEE9EEEE5ED0858DF59FE448CE', 11);
INSERT INTO IPs VALUES ('179.106.42.233', 'Comedor_de_maes', 'EDD95CADD0E008AEE9EEEE5ED0858DF59FE448CE', 16);
INSERT INTO IPs VALUES ('187.85.16.100', 'Menezes_Corleone', 'E5AE485A05EF998C90EDD80FADED80D89D894F0C', 15);
INSERT INTO IPs VALUES ('189.92.97.42', 'Menezes_Corleone', 'ED40ED0E8089CC44C08EE9580F4C8C44EE8EE990', 2);
INSERT INTO IPs VALUES ('179.106.42.233', 'Gabriel_Loha', 'EDD95CADD0E008AEE9EEEE5ED0858DF59FE448CE', 1);
INSERT INTO IPs VALUES ('187.85.16.100', 'Menezes_Corleone', 'ED40ED0E8089CC44C08EE9580F4C8C44EE8EE990', 1);
INSERT INTO IPs VALUES ('187.85.17.19', 'Menezes_Corleone', 'E5AE485A05EF998C90EDD80FADED80D89D894F0C', 2);
INSERT INTO IPs VALUES ('187.85.16.232', 'Menezes_Corleone', 'E5AE485A05EF998C90EDD80FADED80D89D894F0C', 4);
INSERT INTO IPs VALUES ('187.120.25.36', 'Victor_Ghost', 'D9D4C0A958FCCEF9CA48EE9D4549C8E9AAA49C50', 2);
INSERT INTO IPs VALUES ('187.120.25.36', 'Victor_Ghost', 'ED40ED0E8089CC44C08EE9580F4C8C44EE8EE990', 4);
INSERT INTO IPs VALUES ('191.2.96.74', 'Victor_Ghost', 'ED40ED0E8089CC44C08EE9580F4C8C44EE8EE990', 1);
INSERT INTO IPs VALUES ('187.85.16.171', 'Menezes_Corleone', 'D98A59CE4ED4D49CD88DD490CC95F9DC4F4FAD5E', 3);
INSERT INTO IPs VALUES ('191.2.95.82', 'Victor_Ghost', 'ED40ED0E8089CC44C08EE9580F4C8C44EE8EE990', 1);
INSERT INTO IPs VALUES ('201.5.167.47', 'Victor_Ghost', 'ED40ED0E8089CC44C08EE9580F4C8C44EE8EE990', 1);
INSERT INTO IPs VALUES ('187.85.19.16', 'Menezes_Corleone', 'D98A59CE4ED4D49CD88DD490CC95F9DC4F4FAD5E', 1);
INSERT INTO IPs VALUES ('187.85.19.16', 'Menezes_Corleone', 'ED40ED0E8089CC44C08EE9580F4C8C44EE8EE990', 2);
INSERT INTO IPs VALUES ('187.85.18.197', 'Menezes_Corleone', 'ED40ED0E8089CC44C08EE9580F4C8C44EE8EE990', 4);
INSERT INTO IPs VALUES ('187.85.18.197', 'Menezes_Corleone', 'D98A59CE4ED4D49CD88DD490CC95F9DC4F4FAD5E', 13);
INSERT INTO IPs VALUES ('177.92.151.153', 'Miqueias_Cpxa', 'ED40ED0E8089CC44C08EE9580F4C8C44EE8EE990', 22);
INSERT INTO IPs VALUES ('51.6.88.232', 'Dobby', '8C48F9D48E9FC9E8848E8E489E49ECAA508589CA', 3);
INSERT INTO IPs VALUES ('177.47.114.154', 'wallace_araujo', 'DC9FCF9F9E8484AFFE854F0AF4ECE9CC4F449ECA', 10);
INSERT INTO IPs VALUES ('177.58.176.89', 'Menezes_Corleone', 'ED40ED0E8089CC44C08EE9580F4C8C44EE8EE990', 9);
INSERT INTO IPs VALUES ('187.85.16.3', 'Menezes_Corleone', 'D98A59CE4ED4D49CD88DD490CC95F9DC4F4FAD5E', 1);
INSERT INTO IPs VALUES ('191.2.69.199', 'Victor_Ghost', 'ED40ED0E8089CC44C08EE9580F4C8C44EE8EE990', 1);
INSERT INTO IPs VALUES ('189.104.212.29', 'Victor_Ghost', 'ED40ED0E8089CC44C08EE9580F4C8C44EE8EE990', 2);
INSERT INTO IPs VALUES ('45.160.236.40', 'Arlequina_pk', '5638413348335738345A4536524D4A524539334B', 4);
INSERT INTO IPs VALUES ('170.0.112.25', 'HeiTor_Csc', 'ED40ED0E8089CC44C08EE9580F4C8C44EE8EE990', 2);
INSERT INTO IPs VALUES ('187.85.17.205', 'Menezes_Corleone', 'D98A59CE4ED4D49CD88DD490CC95F9DC4F4FAD5E', 2);
INSERT INTO IPs VALUES ('187.85.17.205', 'Menezes_Corleone', 'ED40ED0E8089CC44C08EE9580F4C8C44EE8EE990', 1);
INSERT INTO IPs VALUES ('179.218.11.139', 'Victor_Ghost', 'ED40ED0E8089CC44C08EE9580F4C8C44EE8EE990', 3);
INSERT INTO IPs VALUES ('187.85.18.143', 'Menezes_Corleone', 'D98A59CE4ED4D49CD88DD490CC95F9DC4F4FAD5E', 7);
INSERT INTO IPs VALUES ('189.94.127.56', 'Taylor_Wolfez', 'ED40ED0E8089CC44C08EE9580F4C8C44EE8EE990', 2);
INSERT INTO IPs VALUES ('187.120.25.63', 'Victor_Ghost', 'ED40ED0E8089CC44C08EE9580F4C8C44EE8EE990', 1);
INSERT INTO IPs VALUES ('187.85.18.218', 'Menezes_Corleone', 'D98A59CE4ED4D49CD88DD490CC95F9DC4F4FAD5E', 2);
INSERT INTO IPs VALUES ('201.17.104.18', 'Victor_Ghost', 'ED40ED0E8089CC44C08EE9580F4C8C44EE8EE990', 7);
INSERT INTO IPs VALUES ('201.17.104.18', 'Yan_Ruin', 'ED40ED0E8089CC44C08EE9580F4C8C44EE8EE990', 5);
INSERT INTO IPs VALUES ('189.126.81.188', 'KauanN$', 'D49AFFDDDF4A94FE4498E9CF98EA48E4F4E89DEA', 2);
INSERT INTO IPs VALUES ('179.190.127.60', 'Bianca_Silva', '3952314F524834355456464955525858554F3353', 2);
INSERT INTO IPs VALUES ('189.94.65.112', 'Taylor_Wolfez', 'ED40ED0E8089CC44C08EE9580F4C8C44EE8EE990', 1);
INSERT INTO IPs VALUES ('179.242.38.78', 'Taylor_Wolfez', 'ED40ED0E8089CC44C08EE9580F4C8C44EE8EE990', 3);
INSERT INTO IPs VALUES ('201.5.109.11', 'Victor_Ghost', 'ED40ED0E8089CC44C08EE9580F4C8C44EE8EE990', 2);
INSERT INTO IPs VALUES ('179.218.11.139', 'Victor_Ghost', 'D9D4C0A958FCCEF9CA48EE9D4549C8E9AAA49C50', 1);
INSERT INTO IPs VALUES ('201.5.158.63', 'Victor_Maciel', 'ED40ED0E8089CC44C08EE9580F4C8C44EE8EE990', 1);
INSERT INTO IPs VALUES ('201.5.120.220', 'Victor_Ghost', 'D9D4C0A958FCCEF9CA48EE9D4549C8E9AAA49C50', 1);
INSERT INTO IPs VALUES ('187.85.16.99', 'Menezes_Corleone', 'D98A59CE4ED4D49CD88DD490CC95F9DC4F4FAD5E', 1);
INSERT INTO IPs VALUES ('88.155.112.67', 'Karasu_Amv', '88CEEE8999E5499FF0E9EC8F4CE90EC0DD85FE8F', 1);
INSERT INTO IPs VALUES ('191.2.65.243', 'Victor_Ghost', 'ED40ED0E8089CC44C08EE9580F4C8C44EE8EE990', 1);
INSERT INTO IPs VALUES ('187.85.18.136', 'Menezes_Corleone', 'D98A59CE4ED4D49CD88DD490CC95F9DC4F4FAD5E', 2);
INSERT INTO IPs VALUES ('189.104.201.62', 'Victor_Ghost', 'D9D4C0A958FCCEF9CA48EE9D4549C8E9AAA49C50', 3);
INSERT INTO IPs VALUES ('189.104.201.62', 'Victor_Maciel', 'ED40ED0E8089CC44C08EE9580F4C8C44EE8EE990', 1);
INSERT INTO IPs VALUES ('201.5.252.230', 'Victor_Ghost', 'ED40ED0E8089CC44C08EE9580F4C8C44EE8EE990', 1);
INSERT INTO IPs VALUES ('157.34.222.251', 'ayush_nigamji', '5638413348335738345A4536524D4A524539334B', 1);
INSERT INTO IPs VALUES ('201.5.52.4', 'Victor_Ghost', 'D9D4C0A958FCCEF9CA48EE9D4549C8E9AAA49C50', 53);
INSERT INTO IPs VALUES ('187.85.16.127', 'Menezes_Corleone', 'D98A59CE4ED4D49CD88DD490CC95F9DC4F4FAD5E', 1);
INSERT INTO IPs VALUES ('190.244.161.39', 'McZulian', '99899A9080584EAD90E80AE0488DCA8AEA5F5589', 3);
INSERT INTO IPs VALUES ('45.229.105.231', 'Sonny_Volgin', '4CA8CD4589D5C8ECEEDE494DDF0ED5ED4CECD9AE', 1);
INSERT INTO IPs VALUES ('201.5.52.4', 'Victor_Ghost', 'ED40ED0E8089CC44C08EE9580F4C8C44EE8EE990', 4);
INSERT INTO IPs VALUES ('170.0.112.24', 'savitar_19', '5638413348335738345A4536524D4A524539334B', 3);
INSERT INTO IPs VALUES ('201.5.52.4', 'Victor_Maciel', 'D9D4C0A958FCCEF9CA48EE9D4549C8E9AAA49C50', 2);
INSERT INTO IPs VALUES ('201.5.52.4', 'Victor_Solotov', 'D9D4C0A958FCCEF9CA48EE9D4549C8E9AAA49C50', 1);
INSERT INTO IPs VALUES ('46.50.41.82', 'filipe_game', '9D9CE0EDC94EDE044C4D58EDCDE8CC4D5844CE54', 13);
INSERT INTO IPs VALUES ('95.69.66.81', 'filipe_game', '9D9CE0EDC94EDE044C4D58EDCDE8CC4D5844CE54', 1);
INSERT INTO IPs VALUES ('45.160.236.48', 'Arlequina_pk', '5638413348335738345A4536524D4A524539334B', 3);
INSERT INTO IPs VALUES ('187.85.19.127', 'Menezes_Corleone', 'D98A59CE4ED4D49CD88DD490CC95F9DC4F4FAD5E', 1);
INSERT INTO IPs VALUES ('45.173.37.73', 'Cold_Dubom', '8A00A84E44C89EF9C0CCA89D44D99FE809884C49', 2);
INSERT INTO IPs VALUES ('189.104.224.221', 'Victor_Ghost', 'ED40ED0E8089CC44C08EE9580F4C8C44EE8EE990', 1);
INSERT INTO IPs VALUES ('45.160.236.53', 'Arlequina_pk', 'ED40ED0E8089CC44C08EE9580F4C8C44EE8EE990', 2);
INSERT INTO IPs VALUES ('201.5.5.58', 'Victor_Ghost', 'ED40ED0E8089CC44C08EE9580F4C8C44EE8EE990', 2);
INSERT INTO IPs VALUES ('189.104.162.70', 'Victor_Ghost', 'ED40ED0E8089CC44C08EE9580F4C8C44EE8EE990', 1);
INSERT INTO IPs VALUES ('31.22.195.89', 'filipe_game', '9D9CE0EDC94EDE044C4D58EDCDE8CC4D5844CE54', 1);
INSERT INTO IPs VALUES ('187.85.16.157', 'Menezes_Corleone', 'D98A59CE4ED4D49CD88DD490CC95F9DC4F4FAD5E', 1);
INSERT INTO IPs VALUES ('189.49.126.173', 'Skeet_SAMP', 'E94DD48999ED840F50ECD454D8C4FED9D899CDCA', 1);
INSERT INTO IPs VALUES ('179.242.33.35', 'Victor_Maciel', 'ED40ED0E8089CC44C08EE9580F4C8C44EE8EE990', 1);
INSERT INTO IPs VALUES ('45.160.236.59', 'JamaiQuinhA_pk', '4458465947454248504B51425156534F4738384F', 1);
INSERT INTO IPs VALUES ('45.160.236.59', 'Arlequina_pk', '4458465947454248504B51425156534F4738384F', 1);
INSERT INTO IPs VALUES ('187.85.16.140', 'Menezes_Corleone', 'D98A59CE4ED4D49CD88DD490CC95F9DC4F4FAD5E', 1);
INSERT INTO IPs VALUES ('89.214.81.121', 'filipe_game', '9D9CE0EDC94EDE044C4D58EDCDE8CC4D5844CE54', 1);
INSERT INTO IPs VALUES ('189.40.81.133', 'wallace_araujo', 'ED40ED0E8089CC44C08EE9580F4C8C44EE8EE990', 1);

DROP TABLE IF EXISTS logs;

CREATE TABLE `logs` (
  `id` int(11) NOT NULL AUTO_INCREMENT,
  `logtype` int(11) NOT NULL,
  `header` varchar(64) NOT NULL,
  `body` varchar(256) NOT NULL,
  `date` datetime DEFAULT NULL,
  PRIMARY KEY (`id`)
) ENGINE=InnoDB AUTO_INCREMENT=29 DEFAULT CHARSET=latin1;

INSERT INTO logs VALUES (1, 1, 'Incomming Connection', 'Jogador Sla qual está tentando se conectar no servidor rato velho vai tomar no cu xd', '2022-07-19 19:09:38');
INSERT INTO logs VALUES (2, 1, 'Incomming Connection', 'Jogador Sla qual está tentando se conectar no servidor rato velho vai tomar no cu xd', '2022-07-19 19:10:01');
INSERT INTO logs VALUES (3, 1, 'Incomming Connection', 'Jogador Sla qual está tentando se conectar no servidor rato velho vai tomar no cu xd', '2022-07-19 19:21:34');
INSERT INTO logs VALUES (4, 1, 'Incomming Connection', 'Jogador Sla qual está tentando se conectar no servidor rato velho vai tomar no cu xd', '2022-07-19 19:21:39');
INSERT INTO logs VALUES (5, 1, 'Incomming Connection', 'Jogador Sla qual está tentando se conectar no servidor rato velho vai tomar no cu xd', '2022-07-19 19:40:06');
INSERT INTO logs VALUES (6, 23, 'Casa Criada Por Admin', 'Admin rato_veio Criou a casa 1 com valor 1000000 (VIP : 2, Nivel : 15)', '2022-07-21 22:21:11');
INSERT INTO logs VALUES (7, 24, 'Casa Apagada', 'Admin Victor_Ghost Deletou a goma de ID 1', '2022-07-21 22:22:41');
INSERT INTO logs VALUES (8, 23, 'Casa Criada Por Admin', 'Admin Victor_Ghost Criou a casa 2 com valor 1000 (VIP : 0, Nivel : 0)', '2022-07-21 22:24:06');
INSERT INTO logs VALUES (9, 23, 'Casa Criada Por Admin', 'Admin Victor_Ghost Criou a casa 3 com valor 10000 (VIP : 0, Nivel : 0)', '2022-07-21 22:24:45');
INSERT INTO logs VALUES (10, 24, 'Casa Apagada', 'Admin Victor_Ghost Deletou a goma de ID 1', '2022-07-21 22:25:59');
INSERT INTO logs VALUES (11, 24, 'Casa Apagada', 'Admin Victor_Ghost Deletou a goma de ID 1', '2022-07-21 22:26:01');
INSERT INTO logs VALUES (12, 24, 'Casa Apagada', 'Admin Victor_Ghost Deletou a goma de ID 1', '2022-07-21 22:26:01');
INSERT INTO logs VALUES (13, 24, 'Casa Apagada', 'Admin Victor_Ghost Deletou a goma de ID 1', '2022-07-21 22:26:03');
INSERT INTO logs VALUES (14, 24, 'Casa Apagada', 'Admin Victor_Ghost Deletou a goma de ID 1', '2022-07-21 22:26:06');
INSERT INTO logs VALUES (15, 24, 'Casa Apagada', 'Admin Victor_Ghost Deletou a goma de ID 1', '2022-07-21 22:26:07');
INSERT INTO logs VALUES (16, 23, 'Casa Criada Por Admin', 'Admin Victor_Ghost Criou a casa 4 com valor 1 (VIP : 1, Nivel : 1)', '2022-07-21 22:26:27');
INSERT INTO logs VALUES (17, 23, 'Casa Criada Por Admin', 'Admin Victor_Ghost Criou a casa 5 com valor -1 (VIP : 0, Nivel : -1)', '2022-07-21 22:26:43');
INSERT INTO logs VALUES (18, 23, 'Casa Criada Por Admin', 'Admin Victor_Ghost Criou a casa 6 com valor 100 (VIP : 1, Nivel : 0)', '2022-07-21 22:30:51');
INSERT INTO logs VALUES (19, 24, 'Casa Apagada', 'Admin Victor_Ghost Deletou a goma de ID 6', '2022-07-21 22:31:40');
INSERT INTO logs VALUES (20, 23, 'Casa Criada Por Admin', 'Admin Victor_Ghost Criou a casa 7 com valor 1000 (VIP : 2, Nivel : 0)', '2022-07-21 22:31:49');
INSERT INTO logs VALUES (21, 24, 'Casa Apagada', 'Admin Victor_Ghost Deletou a goma de ID 6', '2022-07-21 22:32:09');
INSERT INTO logs VALUES (22, 24, 'Casa Apagada', 'Admin Victor_Ghost Deletou a goma de ID 6', '2022-07-21 22:32:13');
INSERT INTO logs VALUES (23, 24, 'Casa Apagada', 'Admin Victor_Ghost Deletou a goma de ID 6', '2022-07-21 22:32:14');
INSERT INTO logs VALUES (24, 24, 'Casa Apagada', 'Admin Victor_Ghost Deletou a goma de ID 6', '2022-07-21 22:32:16');
INSERT INTO logs VALUES (25, 24, 'Casa Apagada', 'Admin Victor_Ghost Deletou a goma de ID 6', '2022-07-21 22:32:18');
INSERT INTO logs VALUES (26, 23, 'Casa Criada Por Admin', 'Admin Victor_Ghost Criou a casa 8 com valor 1000 (VIP : 1, Nivel : 0)', '2022-07-21 22:32:27');
INSERT INTO logs VALUES (27, 24, 'Casa Apagada', 'Admin Victor_Ghost Deletou a goma de ID 6', '2022-07-21 22:32:30');
INSERT INTO logs VALUES (28, 23, 'Casa Criada Por Admin', 'Admin Victor_Ghost Criou a casa 9 com valor 1000 (VIP : 2, Nivel : 0)', '2022-07-21 22:32:31');

DROP TABLE IF EXISTS organizacoes;

CREATE TABLE `organizacoes` (
  `id` int(11) NOT NULL AUTO_INCREMENT,
  `nome` varchar(25) NOT NULL,
  `cofre` int(11) DEFAULT NULL,
  `lider` varchar(25) DEFAULT NULL,
  `spawnX` float DEFAULT NULL,
  `spawnY` float DEFAULT NULL,
  `spawnZ` float DEFAULT NULL,
  `spawnR` float DEFAULT NULL,
  `interior` int(11) DEFAULT NULL,
  `virtualword` int(11) DEFAULT NULL,
  `cofreX` float DEFAULT NULL,
  `cofreY` float DEFAULT NULL,
  `cofreZ` float DEFAULT NULL,
  `isCorp` int(11) DEFAULT NULL,
  PRIMARY KEY (`id`)
) ENGINE=InnoDB DEFAULT CHARSET=latin1;


DROP TABLE IF EXISTS players;

CREATE TABLE `players` (
  `acountid` int(11) NOT NULL AUTO_INCREMENT,
  `nome` varchar(25) DEFAULT NULL,
  `ip` varchar(16) DEFAULT NULL,
  `senha` varchar(100) NOT NULL,
  `sexo` tinyint(1) DEFAULT 0,
  `org` int(11) DEFAULT NULL,
  `cargo` int(11) DEFAULT NULL,
  `posx` float DEFAULT NULL,
  `posy` float DEFAULT NULL,
  `posz` float DEFAULT NULL,
  `angulo` float DEFAULT NULL,
  `colete` float DEFAULT NULL,
  `vida` float DEFAULT NULL,
  `dinheiro` int(11) DEFAULT NULL,
  `banco` int(11) DEFAULT NULL,
  `dinheirobanco` int(11) DEFAULT NULL,
  `skin` int(11) DEFAULT NULL,
  `score` int(11) DEFAULT NULL,
  `idade` int(11) DEFAULT NULL,
  `adminlevel` int(11) DEFAULT NULL,
  `funcaoadmin` varchar(60) DEFAULT NULL,
  `fxcoins` int(11) DEFAULT NULL,
  `vip` int(11) DEFAULT NULL,
  `banido` tinyint(1) DEFAULT 0,
  `vezesbanido` int(11) DEFAULT 0,
  `anoingressou` year(4) DEFAULT NULL,
  `ultimologin` date DEFAULT NULL,
  `pai` varchar(50) DEFAULT NULL,
  `mae` varchar(50) DEFAULT NULL,
  `cnh` enum('Sim','Nao') DEFAULT NULL,
  `procurado` int(11) DEFAULT NULL,
  `rg` tinyint(1) DEFAULT 0,
  `cpf` varchar(25) DEFAULT NULL,
  `interior` int(11) DEFAULT NULL,
  `virtualworld` int(11) DEFAULT NULL,
  PRIMARY KEY (`acountid`),
  UNIQUE KEY `nome` (`nome`)
) ENGINE=InnoDB AUTO_INCREMENT=59 DEFAULT CHARSET=latin1;

INSERT INTO players VALUES (1, 'Victor_Ghost', '179.218.11.139', '714BDAA86B2E81B8005433FA5D0BFE198EFDBB5D7AFBF6F8A49300BC6C715671', 0, 2, 6, 774.636, -1509.8, 13.5489, 136.113, 0, 100, 14300, 0, 0, 19, 0, 0, 5000, 'NULL', 20, 1, 0, 0, NULL, NULL, NULL, NULL, '', 12, 0, 'NULL', 0, 0);
INSERT INTO players VALUES (2, 'Menezes_Corleone', '187.85.18.174', '2CC502F6A3656980ADF414EE6B7EA21BC70DA09727D21BFD32C43FD08EFD79B0', 0, 1, 5, 1176.29, -1397.69, 13.2897, 314.47, 0, 100, 2644450, 0, 0, 211, 0, 0, 5000, 'NULL', 0, 0, 0, 0, NULL, NULL, NULL, NULL, '', 0, 0, 'NULL', 0, 0);
INSERT INTO players VALUES (3, 'Corleone_Menezes', '187.85.18.174', 'FEA47B2BD622BDA381C793F838DF528C749B010440CD86B5C96660820EC8BEC7', 0, 2, 2, 1688.76, -2252.99, 13.3828, 278.063, 0, 100, -2700, 0, 0, 19, 0, 0, 0, 'NULL', 0, NULL, 0, 0, NULL, NULL, NULL, NULL, '', 0, 0, 'NULL', 0, 0);
INSERT INTO players VALUES (7, 'Taylor_Wolfez', '189.94.64.62', 'BD105C52C314F089470E0B1E5AC4C8B3FF3282A9080633344F1313140B103156', 0, 2, 6, 1947.85, -1919.31, 16.5932, 270.217, 0, 100, 390550, 0, 0, 294, 0, 0, 5000, 'JOoa', 0, NULL, 0, 0, NULL, NULL, NULL, NULL, '', 0, 0, 'NULL', 0, 0);
INSERT INTO players VALUES (9, 'LUKKIASBR', '201.5.44.228', 'EB9F2A1F3A1A42AFF0D6F4C637F6352491E6A17C20F17B4476409852619B6C08', 0, 1, 6, 1381.42, -2538.23, 13.2753, 114.096, 0, 100, -8100, 0, 0, 24, 0, 0, 3000, 'Luvas Vicius', 0, NULL, 0, 0, NULL, NULL, NULL, NULL, '', 0, 0, 'NULL', 0, 0);
INSERT INTO players VALUES (19, 'Lula_2022', '179.106.42.233', 'DB23B042DCBCC9B245C2EEA4ED091A4996C01C1640CF9AC48B2DEDBAEA181096', 0, 2, 6, 1250.81, -1398.1, 13.0156, 56.3756, 0, 100, 590550, 0, 0, 19, 0, 0, 3000, 'Lohan', 0, NULL, 0, 0, NULL, NULL, NULL, NULL, '', 0, 0, 'NULL', 3, 0);
INSERT INTO players VALUES (20, 'Miqueias_Lindo', '177.92.148.77', 'DF2316C9300056325D616E8DB07858B29F0AE4C7BD2E8E6C43E7E32470FFF497', 0, 0, 0, -1461.87, 1852.71, 33.0506, 334.576, 0, 100, 185180, 0, 0, 254, 0, 0, 500, 'miqueias 3', 0, NULL, 0, 0, NULL, NULL, NULL, NULL, '', 0, 0, 'NULL', 0, 2);
INSERT INTO players VALUES (21, 'Bolsonaro_2022', '187.85.16.191', '1986B1BCC2760FF9729FA0D23DF269738D5D004FE2134BB8203BEA469614E819', 0, 2, 6, 1198.42, -1326.23, 13.3984, 36.5974, 0, 100, 189200, 0, 0, 19, 0, 0, 2, 'Adm', 0, NULL, 0, 0, NULL, NULL, NULL, NULL, '', 0, 0, 'NULL', 0, 0);
INSERT INTO players VALUES (22, 'Arlequina_pk', '45.160.236.32', '5A1B7081E093E6F9274ABF40353C3F1ABAE0695DDDB25B0631EA177C49D03733', 0, 2, 6, 1243.19, -1694.23, 16.1975, 164.399, 0, 100, -500, 0, 0, 193, 0, 0, 3000, 'Mano bruna lima mano', 0, NULL, 0, 0, NULL, NULL, NULL, NULL, '', 0, 0, 'NULL', 0, 0);
INSERT INTO players VALUES (23, 'Miqueias_Totoso', '177.92.148.77', 'B8FFA9D6D17848EDB4C8EF30440E22463DAA68BE250BD52E9A64A44B63A39E82', 0, 0, 0, 1601.93, -2245.44, 13.5363, 298.104, 0, 100, 0, 0, 0, 24, 0, 0, 0, 'NULL', 0, NULL, 0, 0, NULL, NULL, NULL, NULL, '', 0, 0, 'NULL', 0, 0);
INSERT INTO players VALUES (24, 'Mayllon_Samuel', '45.235.179.25', '1618D2680736B781AF37D2734CDB82E67CABD8AA333D7E541C0B5D186DDD2F13', 0, 1, 6, 90.0657, -240.751, 5.03906, 314.528, 0, 100, -2700, 0, 0, 295, 0, 0, 3000, 'Mayllon', 0, NULL, 0, 0, NULL, NULL, NULL, NULL, '', 0, 0, 'NULL', 0, 0);
INSERT INTO players VALUES (25, 'Victor_Maciel', '179.218.11.139', 'B12975CAEA8DEADA9D793DAB3561DD1E5F09629F3A4C72D75F50C806F9222E1A', 0, 0, 0, 1172.84, -2032.21, 69.7332, 268.94, 0, 0, -1350, 0, 0, 1, 0, 0, 5000, 'Victor2', 0, 0, 0, 0, NULL, NULL, NULL, NULL, '', 0, 0, 'NULL', 0, 0);
INSERT INTO players VALUES (26, 'Nikola_Nikolov', '92.55.111.6', '7753AAD723356A235A2D7D83C0D919838C36A15BA23F960F8BD2980A45C235B7', 0, 0, 0, 1650.68, -2244.78, 13.5066, 25.5711, 0, 100, 0, 0, 0, 24, 0, 0, 0, 'NULL', 0, NULL, 0, 0, NULL, NULL, NULL, NULL, '', 0, 0, 'NULL', 0, 0);
INSERT INTO players VALUES (27, 'Sonny_Volgin', '45.229.105.221', '28E721D9737D53E34717988FBE9CDD65F4DE98879FDC192BD08233AAA217B696', 0, 0, 0, 1199.55, -1336.49, 13.5863, 337.546, 0, 100, -1350, 0, 0, 24, 0, 0, 5, 'Dar a bunda', 0, NULL, 0, 0, NULL, NULL, NULL, NULL, '', 0, 0, 'NULL', 3, 0);
INSERT INTO players VALUES (28, 'Miqueias_Totsosos', '177.92.148.77', 'DF2316C9300056325D616E8DB07858B29F0AE4C7BD2E8E6C43E7E32470FFF497', 0, 0, 0, 1249.91, -1396.21, 13.0156, 311.257, 0, 100, 0, 0, 0, 24, 0, 0, 5000, 'Fundador', 0, NULL, 0, 0, NULL, NULL, NULL, NULL, '', 0, 0, 'NULL', 1, 0);
INSERT INTO players VALUES (29, 'Espanca_Utero', '187.85.16.100', 'FEA47B2BD622BDA381C793F838DF528C749B010440CD86B5C96660820EC8BEC7', 0, 0, 0, 1194.93, -1318.06, 13.3984, 239.947, 0, 100, 871650, 0, 0, 189, 0, 0, 5000, 'Fundador', 0, NULL, 0, 0, NULL, NULL, NULL, NULL, '', 0, 0, 'NULL', 0, 0);
INSERT INTO players VALUES (30, 'Comedor_de_mae', '179.106.42.233', '8D1B247E74B34C117FE00D70C999360BB4F9F682AF2F24825E0CBB9584F79C75', 0, 1, 5, -2163.58, -1732.61, 291.531, 249.952, 0, 100, 1736746, 0, 0, 254, 0, 0, 3001, 'Gerente', 0, NULL, 0, 0, NULL, NULL, NULL, NULL, '', 0, 0, 'NULL', 0, 0);
INSERT INTO players VALUES (31, 'Comedor_de_maes', '179.106.42.233', '8D1B247E74B34C117FE00D70C999360BB4F9F682AF2F24825E0CBB9584F79C75', 0, 0, 0, 2201.73, -1716.53, 13.1013, 185.774, 0, 100, -8100, 0, 0, 210, 0, 0, 5000, 'Lohan', 0, NULL, 0, 0, NULL, NULL, NULL, NULL, '', 0, 0, 'NULL', 0, 0);
INSERT INTO players VALUES (32, 'Miqueias_Cpxa', '177.92.151.153', '45E21D8ED4F21C583A4830497B1BBE92CA4BACC00D1CDF6C0BA74878726835D8', 0, 0, 0, 2203.84, -1009.28, 114.098, 248.27, 0, 0, -1350, 0, 0, 294, 0, 0, 5000, 'Miqueais', 0, NULL, 0, 0, NULL, NULL, NULL, NULL, '', 8, 0, 'NULL', 0, 0);
INSERT INTO players VALUES (33, 'Dobby', '51.6.88.232', '18F1B45E611BD4732E4838B622AA78708F2B3E445D3F19F24B20705627CDE9EA', 0, 0, 0, 1138.28, -2025.39, 70.3193, 330.535, 0, 0, 0, 0, 0, 24, 0, 0, 0, 'NULL', 0, NULL, 0, 0, NULL, NULL, NULL, NULL, '', 0, 0, 'NULL', 0, 0);
INSERT INTO players VALUES (34, 'wallace_araujo', '177.47.114.154', '00E632DD52AEE68F5C4D2B5CD9E51A20E3CE9B311C650B5811FB70E130B76275', 0, 1, 6, -3682.44, 2150.42, 7.0095, 230.117, 0, 0, 100000, 0, 0, 2, 0, 0, 5000, 'linda', 0, 0, 0, 0, NULL, NULL, NULL, NULL, '', 2, 0, 'NULL', 3, 0);
INSERT INTO players VALUES (35, 'HeiTor_Csc', '170.0.112.25', '03C445EC6E5780591436B63A819704E3FBBA91867AD0E4C0A7A9BD9B1B0B5D41', 0, 1, 6, 1191.55, -1322.13, 13.2205, 265.704, 0, 0, 0, 0, 0, 24, 0, 0, 0, 'NULL', 0, NULL, 0, 0, NULL, NULL, NULL, NULL, '', 0, 0, 'NULL', 0, 0);
INSERT INTO players VALUES (36, 'Yan_Ruin', '201.17.104.18', '41E56071870F3CCE78E1762C99292E67886BD0979F369CE512ACD88285DBC9FC', 0, NULL, NULL, NULL, NULL, NULL, NULL, NULL, NULL, NULL, NULL, NULL, NULL, NULL, NULL, NULL, NULL, NULL, NULL, 0, 0, NULL, NULL, NULL, NULL, NULL, NULL, 0, NULL, NULL, NULL);
INSERT INTO players VALUES (37, 'KauanN$', '189.126.81.188', 'F76857C314EF3A53AAB3273806EE76DD3C997E3F4BF1622FCA12D17125E325C0', 0, 0, 0, 1643.16, -2251.35, 13.3227, 265.564, 0, 0, 0, 0, 0, 24, 0, 0, 0, 'NULL', 0, NULL, 0, 0, NULL, NULL, NULL, NULL, '', 0, 0, 'NULL', 0, 0);
INSERT INTO players VALUES (38, 'Bianca_Silva', '179.190.127.60', '59B4547833B605C1146E1DFD44180517FC9707FB36B0C4289FE7A4902838560A', 0, 0, 0, 1692.87, -2256.53, 13.0933, 2.34028, 0, 0, 0, 0, 0, 24, 0, 0, 0, 'NULL', 0, NULL, 0, 0, NULL, NULL, NULL, NULL, '', 0, 0, 'NULL', 0, 0);
INSERT INTO players VALUES (39, 'Karasu_Amv', '88.155.112.67', 'B3CE795BBFB6ACFCC4EF4EE74DC3E00D58D7391DE3E25F04BE18DF099F381B39', 0, 0, 0, 1645.72, -2314.17, 13.5499, 93.7815, 0, 0, 0, 0, 0, 24, 0, 0, 0, 'NULL', 0, NULL, 0, 0, NULL, NULL, NULL, NULL, '', 0, 0, 'NULL', 0, 0);
INSERT INTO players VALUES (40, 'ayush_nigamji', '157.34.222.251', 'E0F65520D1C9D6262700FD05F38243B420C4C53FFAB365C806C2493C1197E802', 0, NULL, NULL, NULL, NULL, NULL, NULL, NULL, NULL, NULL, NULL, NULL, NULL, NULL, NULL, NULL, NULL, NULL, NULL, 0, 0, NULL, NULL, NULL, NULL, NULL, NULL, 0, NULL, NULL, NULL);
INSERT INTO players VALUES (41, 'McZulian', '190.244.161.39', 'D4E0E08C459009EA0E28E418A9015E9A5EF4B78A92F502FD5A027CC4C9E90A9E', 0, 0, 0, -111.654, 573.836, 4.85434, 226.834, 0, 0, -500, 0, 0, 24, 0, 0, 0, 'NULL', 0, NULL, 0, 0, NULL, NULL, NULL, NULL, '', 0, 0, 'NULL', 0, 0);
INSERT INTO players VALUES (42, 'savitar_19', '170.0.112.24', '1C84A5634E5AB62CACB6B998DDC96668B8BA792A1AB212B0AAE6DF2E6981D220', 0, 0, 0, -2783.05, 6080.23, 122478, 47.2233, 0, 0, -500, 0, 0, 24, 0, 0, 1, 'Heitor', 0, NULL, 0, 0, NULL, NULL, NULL, NULL, '', 0, 0, 'NULL', 0, 0);
INSERT INTO players VALUES (43, 'filipe_game', '46.50.41.82', 'A6B7D12B429FCF2B0780E9756D563EC966BDA1A4125540E331F7A806B84C85E7', 0, 1, 6, 1234.12, -1704.63, 13.5469, 88.9195, 0, 0, -500, 0, 0, 11, 0, 0, 1, 'Primeiro Jogador xD', 0, NULL, 0, 0, NULL, NULL, NULL, NULL, '', 1, 0, 'NULL', 0, 0);
INSERT INTO players VALUES (44, 'Cold_Dubom', '45.173.37.73', '321D16CB6F7DE184780A545A51E0A4ABDACE5A37FC8A06E842868A971CC33EA4', 0, 0, 0, 961.096, -1779.93, 14.2158, 165.956, 0, 0, 0, 0, 0, 24, 0, 0, 0, 'NULL', 0, NULL, 0, 0, NULL, NULL, NULL, NULL, '', 0, 0, 'NULL', 0, 0);
INSERT INTO players VALUES (45, 'Skeet_SAMP', '189.49.126.173', '3E4A8F0A15445425D43D1B919CC7AEA686E52796F49438110478C9AECAEE169B', 0, NULL, NULL, NULL, NULL, NULL, NULL, NULL, NULL, NULL, NULL, NULL, NULL, NULL, NULL, NULL, NULL, NULL, NULL, 0, 0, NULL, NULL, NULL, NULL, NULL, NULL, 0, NULL, NULL, NULL);
INSERT INTO players VALUES (46, 'Pedroo_', '177.101.39.106', '745280D1B6CC4A595936E2D31874461F81C1E87275899D78EED80962B44E52DB', 0, 2, 1, 1257.82, -2049.61, 59.588, 88.3769, 0, 0, 0, 0, 0, 19, 0, 0, 0, 'NULL', 0, NULL, 0, 0, NULL, NULL, NULL, NULL, '', 0, 0, 'NULL', 0, 0);
INSERT INTO players VALUES (47, 'Mia', '177.124.14.53', '7DAA89C4EAA4518824BA053E8A3738DD031C188F8E32DF647C569B3F4F5182CF', 0, NULL, NULL, NULL, NULL, NULL, NULL, NULL, NULL, NULL, NULL, NULL, NULL, NULL, NULL, NULL, NULL, NULL, NULL, 0, 0, NULL, NULL, NULL, NULL, NULL, NULL, 0, NULL, NULL, NULL);
INSERT INTO players VALUES (48, 'Nao', '177.124.14.53', '28E721D9737D53E34717988FBE9CDD65F4DE98879FDC192BD08233AAA217B696', 0, NULL, NULL, NULL, NULL, NULL, NULL, NULL, NULL, NULL, NULL, NULL, NULL, NULL, NULL, NULL, NULL, NULL, NULL, 0, 0, NULL, NULL, NULL, NULL, NULL, NULL, 0, NULL, NULL, NULL);
INSERT INTO players VALUES (49, 'GANSTER', '148.0.42.167', 'BEB7F3EA5CC8029AD2EFB901C75F3BC45C0F5B78458FB9ADD70A84061F0BEB42', 0, NULL, NULL, NULL, NULL, NULL, NULL, NULL, NULL, NULL, NULL, NULL, NULL, NULL, NULL, NULL, NULL, NULL, NULL, 0, 0, NULL, NULL, NULL, NULL, NULL, NULL, 0, NULL, NULL, NULL);
INSERT INTO players VALUES (50, 'srluna45', '20.226.37.66', '1FC91EFE58D9F3CFB93D2F3181FCC182B8B6775AC76BE41E19F3CA850097201A', 0, 0, 0, 50, 50, 50, 335.596, 0, 0, 0, 0, 0, 24, 0, 0, 0, 'NULL', 0, 0, 0, 0, NULL, NULL, NULL, NULL, '', 0, 0, 'NULL', 0, 0);
INSERT INTO players VALUES (51, 'CoelhaO_LokaO', '170.84.239.34', '6F801FF596617FDAA90FE336BDECAA01E48479513DF91FD3AD2498EA42E649A1', 0, 1, 6, -3672.76, 2138.12, 7.66871, 359.576, 0, 0, -1350, 0, 0, 264, 0, 0, 0, 'NULL', 0, 3, 0, 0, NULL, NULL, NULL, NULL, '', 0, 0, 'NULL', 3, 0);
INSERT INTO players VALUES (52, 'kyry_op', '177.208.142.92', 'CCFEE500A1D89CFB8265ADD7CB672719651BDAEE0310D0EB6F3F47D729EB6DB0', 0, 0, 0, 1190.86, -1321.1, 12.9618, 352.549, 0, 0, 0, 0, 0, 24, 0, 0, 0, 'NULL', 0, 0, 0, 0, NULL, NULL, NULL, NULL, '', 0, 0, 'NULL', 0, 0);
INSERT INTO players VALUES (53, 'Luan_gabriel', '24.152.96.18', 'CBE714C44A4C329F3C38C5CB3430D755726A6955416213D5FA437DD1A9494D60', 0, 0, 0, 1742.01, -2260.95, -2.67969, 293.743, 0, 0, 0, 0, 0, 24, 0, 0, 0, 'NULL', 0, 0, 0, 0, NULL, NULL, NULL, NULL, '', 0, 0, 'NULL', 0, 0);
INSERT INTO players VALUES (54, 'RhaegarX', '170.83.207.4', '77FB81ABBE61B1AFE5FA961889E81505F562B4DA24BDFDDE369FC532AB38AC32', 0, 0, 0, 1683.53, -1595.84, 13.638, 0.094861, 0, 0, 0, 0, 0, 24, 0, 0, 5000, 'Zap', 50, 0, 0, 0, NULL, NULL, NULL, NULL, '', 0, 0, 'NULL', 0, 0);
INSERT INTO players VALUES (55, 'fpxluan', '24.152.96.18', 'CBE714C44A4C329F3C38C5CB3430D755726A6955416213D5FA437DD1A9494D60', 0, 0, 0, 1694.76, -2276.27, -1.24861, 184.635, 0, 0, 0, 0, 0, 24, 0, 0, 0, 'NULL', 0, 0, 0, 0, NULL, NULL, NULL, NULL, '', 0, 0, 'NULL', 0, 0);
INSERT INTO players VALUES (56, 'rato_veio', '187.121.68.218', '4777171558F091712B4ACEBCFEF922F7AA2C50433BDA31989CBDF17A2EFC0E1E', 0, 0, 0, 778.897, -1499.11, 13.5547, 333.396, 0, 0, 100000, 0, 0, 234, 0, 0, 3000, 'Rato_veio', 85, 2, 0, 0, NULL, NULL, NULL, NULL, '', 0, 0, 'NULL', 0, 0);
INSERT INTO players VALUES (57, 'luiz.xit.pvp', '45.175.171.37', '351EB90AE1A4FB1DD899D413154949564B6C055945D7E5301682FE41C4182CFB', 0, 0, 0, 1507.36, -2280.92, 13.5469, 15.2484, 0, 0, 0, 0, 0, 24, 0, 0, 0, 'NULL', 0, 0, 0, 0, NULL, NULL, NULL, NULL, '', 0, 0, 'NULL', 0, 0);
INSERT INTO players VALUES (58, 'jacek', '79.184.121.173', '6F801FF596617FDAA90FE336BDECAA01E48479513DF91FD3AD2498EA42E649A1', 0, NULL, NULL, NULL, NULL, NULL, NULL, NULL, NULL, NULL, NULL, NULL, NULL, NULL, NULL, NULL, NULL, NULL, NULL, 0, 0, NULL, NULL, NULL, NULL, NULL, NULL, 0, NULL, NULL, NULL);

/*!40014 SET FOREIGN_KEY_CHECKS=@OLD_FOREIGN_KEY_CHECKS */;

